{"cameraMode":{"drawMode":0,"name":"Shaded","section":"Shading Mode"},"sceneLighting":true,"audioPlay":false,"sceneViewState":{"m_AlwaysRefresh":false,"showFog":true,"showSkybox":true,"showFlares":true,"showImageEffects":true,"showParticleSystems":true,"showVisualEffectGraphs":true,"m_FxEnabled":true},"in2DMode":false,"pivot":{"x":-0.8338285684585571,"y":-2.912717342376709,"z":-63.693031311035159},"rotation":{"x":-0.00015350210014730692,"y":0.9938284158706665,"z":-0.11108145862817764,"w":-0.0011874900665134192},"size":35.840362548828128,"orthographic":false}